<!--
This file is intended for configuring LPC43x7 multicore projects to place an
M0APP project into the second bank of flash, and using the second block of
RAM for its variables/stack.
-->
 <chip>
  <memory id='Flash' type='Flash' is_ro='true' can_program='true'></memory>
  <memory id='RAM' type='RAM'></memory>
   <memoryInstance id='MFlashB512' derived_from='Flash' location='0x1b000000' size='0x10000'  edited='true'/>
   <memoryInstance id='RamLoc32' derived_from='RAM' location='0x10080000' size='0x8000'  edited='true'/>
   <memoryInstance id='RamAHB32' derived_from='RAM' location='0x20000000' size='0x8000'  edited='true'/>
   <memoryInstance id='RamAHB16' derived_from='RAM' location='0x20008000' size='0x4000'  edited='true'/>
   <memoryInstance id='RamAHB_ETB16' derived_from='RAM' location='0x2000c000' size='0x4000'  edited='true'/>
 </chip>






